{
    "ranked_files_iterative": [
        "202210181816-高骏文-李绅-0-0_results.json",
        "202210181816-高骏文-李绅-0-0_results",
        "202210251833-bianweijie-钝边-0-0_results",
        "202210231022-科学大道的小伙子-炊烟-0-0_results",
        "202210251833-bianweijie-钝边-0-0_results.json",
        "202210201432-mango-放鹰-0-0_results.json",
        "202210261903-ZZYYXX-王博方-0-0_results",
        "202210201432-mango-放鹰-0-0_results",
        "202210271847-陆谱毅-Rodney-0-0_results.json",
        "202210171324-HP-guokt-0-0_results.json",
        "202210271847-陆谱毅-Rodney-0-0_results",
        "202210231022-科学大道的小伙子-炊烟-0-0_results.json",
        "202210232246-阿杜-小波-0-0_results.json",
        "202210171324-HP-guokt-0-0_results",
        "202210232246-阿杜-小波-0-0_results",
        "202210271911-罗诗俊-陆谱毅-0-0_results.json"
    ],
    "ranked_files_winloss": [
        "202210181816-高骏文-李绅-0-0_results",
        "202210231022-科学大道的小伙子-炊烟-0-0_results",
        "202210251833-bianweijie-钝边-0-0_results.json",
        "202210261903-ZZYYXX-王博方-0-0_results",
        "202210181816-高骏文-李绅-0-0_results.json",
        "202210251833-bianweijie-钝边-0-0_results",
        "202210201432-mango-放鹰-0-0_results.json",
        "202210201432-mango-放鹰-0-0_results",
        "202210271847-陆谱毅-Rodney-0-0_results.json",
        "202210231022-科学大道的小伙子-炊烟-0-0_results.json",
        "202210271847-陆谱毅-Rodney-0-0_results",
        "202210171324-HP-guokt-0-0_results",
        "202210171324-HP-guokt-0-0_results.json",
        "202210232246-阿杜-小波-0-0_results.json",
        "202210232246-阿杜-小波-0-0_results",
        "202210271911-罗诗俊-陆谱毅-0-0_results.json"
    ],
    "file_scores_iterative": {
        "202210231022-科学大道的小伙子-炊烟-0-0_results.json": 965.934312203341,
        "202210271847-陆谱毅-Rodney-0-0_results.json": 1221.8511044558234,
        "202210181816-高骏文-李绅-0-0_results": 2557.926610928773,
        "202210261903-ZZYYXX-王博方-0-0_results": 1574.117328119469,
        "202210251833-bianweijie-钝边-0-0_results.json": 1935.909896053083,
        "202210271847-陆谱毅-Rodney-0-0_results": 1087.558454852806,
        "202210232246-阿杜-小波-0-0_results.json": 942.875148839868,
        "202210181816-高骏文-李绅-0-0_results.json": 2831.8014967400736,
        "202210201432-mango-放鹰-0-0_results.json": 1890.6909146732255,
        "202210271911-罗诗俊-陆谱毅-0-0_results.json": 100.11101269630495,
        "202210231022-科学大道的小伙子-炊烟-0-0_results": 2391.272689020659,
        "202210171324-HP-guokt-0-0_results": 758.0472357467968,
        "202210171324-HP-guokt-0-0_results.json": 1141.3254756533208,
        "202210201432-mango-放鹰-0-0_results": 1566.5904634887463,
        "202210251833-bianweijie-钝边-0-0_results": 2393.524691136959,
        "202210232246-阿杜-小波-0-0_results": 640.4631653907633
    }
}