{
    "ranked_files_iterative": [
        "202210181816-高骏文-李绅-0-0_results",
        "202210232246-阿杜-小波-0-0_results",
        "202210271847-陆谱毅-Rodney-0-0_results",
        "202210251833-bianweijie-钝边-0-0_results",
        "202210231022-科学大道的小伙子-炊烟-0-0_results",
        "202210261903-ZZYYXX-王博方-0-0_results",
        "202210181816-高骏文-李绅-0-0_results.json",
        "202210201432-mango-放鹰-0-0_results.json",
        "202210201432-mango-放鹰-0-0_results",
        "202210251833-bianweijie-钝边-0-0_results.json",
        "202210231022-科学大道的小伙子-炊烟-0-0_results.json",
        "202210232246-阿杜-小波-0-0_results.json",
        "202210171324-HP-guokt-0-0_results.json",
        "202210171324-HP-guokt-0-0_results",
        "202210271847-陆谱毅-Rodney-0-0_results.json",
        "202210271911-罗诗俊-陆谱毅-0-0_results.json"
    ],
    "ranked_files_winloss": [
        "202210181816-高骏文-李绅-0-0_results",
        "202210261903-ZZYYXX-王博方-0-0_results",
        "202210231022-科学大道的小伙子-炊烟-0-0_results",
        "202210232246-阿杜-小波-0-0_results",
        "202210271847-陆谱毅-Rodney-0-0_results",
        "202210251833-bianweijie-钝边-0-0_results",
        "202210201432-mango-放鹰-0-0_results",
        "202210171324-HP-guokt-0-0_results",
        "202210181816-高骏文-李绅-0-0_results.json",
        "202210231022-科学大道的小伙子-炊烟-0-0_results.json",
        "202210201432-mango-放鹰-0-0_results.json",
        "202210232246-阿杜-小波-0-0_results.json",
        "202210251833-bianweijie-钝边-0-0_results.json",
        "202210171324-HP-guokt-0-0_results.json",
        "202210271847-陆谱毅-Rodney-0-0_results.json",
        "202210271911-罗诗俊-陆谱毅-0-0_results.json"
    ],
    "file_scores_iterative": {
        "202210251833-bianweijie-钝边-0-0_results.json": 1296.2720426124802,
        "202210232246-阿杜-小波-0-0_results": 2297.4044398449964,
        "202210181816-高骏文-李绅-0-0_results": 2300.7873237528834,
        "202210231022-科学大道的小伙子-炊烟-0-0_results": 1773.9165572427592,
        "202210271847-陆谱毅-Rodney-0-0_results": 2283.3179767292604,
        "202210271847-陆谱毅-Rodney-0-0_results.json": 459.93493393128347,
        "202210251833-bianweijie-钝边-0-0_results": 2255.7045041952365,
        "202210171324-HP-guokt-0-0_results.json": 961.7680241341766,
        "202210171324-HP-guokt-0-0_results": 958.7160682717341,
        "202210232246-阿杜-小波-0-0_results.json": 984.2506532956227,
        "202210181816-高骏文-李绅-0-0_results.json": 1758.9346199648444,
        "202210201432-mango-放鹰-0-0_results": 1606.40739009214,
        "202210201432-mango-放鹰-0-0_results.json": 1723.7506286876032,
        "202210261903-ZZYYXX-王博方-0-0_results": 1767.72794507133,
        "202210231022-科学大道的小伙子-炊烟-0-0_results.json": 1121.8511131679875,
        "202210271911-罗诗俊-陆谱毅-0-0_results.json": 449.25577900566054
    }
}