{
    "ranked_files_iterative": [
        "202210261903-ZZYYXX-王博方-0-0_results",
        "202210181816-高骏文-李绅-0-0_results",
        "202210232246-阿杜-小波-0-0_results",
        "202210171324-HP-guokt-0-0_results",
        "202210232246-阿杜-小波-0-0_results.json",
        "202210251833-bianweijie-钝边-0-0_results",
        "202210231022-科学大道的小伙子-炊烟-0-0_results",
        "202210201432-mango-放鹰-0-0_results",
        "202210231022-科学大道的小伙子-炊烟-0-0_results.json",
        "202210251833-bianweijie-钝边-0-0_results.json",
        "202210201432-mango-放鹰-0-0_results.json",
        "202210181816-高骏文-李绅-0-0_results.json",
        "202210171324-HP-guokt-0-0_results.json",
        "202210271847-陆谱毅-Rodney-0-0_results.json",
        "202210271847-陆谱毅-Rodney-0-0_results",
        "202210271911-罗诗俊-陆谱毅-0-0_results.json"
    ],
    "ranked_files_winloss": [
        "202210261903-ZZYYXX-王博方-0-0_results",
        "202210181816-高骏文-李绅-0-0_results",
        "202210231022-科学大道的小伙子-炊烟-0-0_results",
        "202210232246-阿杜-小波-0-0_results",
        "202210171324-HP-guokt-0-0_results",
        "202210251833-bianweijie-钝边-0-0_results",
        "202210201432-mango-放鹰-0-0_results",
        "202210232246-阿杜-小波-0-0_results.json",
        "202210231022-科学大道的小伙子-炊烟-0-0_results.json",
        "202210271847-陆谱毅-Rodney-0-0_results",
        "202210181816-高骏文-李绅-0-0_results.json",
        "202210251833-bianweijie-钝边-0-0_results.json",
        "202210171324-HP-guokt-0-0_results.json",
        "202210271847-陆谱毅-Rodney-0-0_results.json",
        "202210201432-mango-放鹰-0-0_results.json",
        "202210271911-罗诗俊-陆谱毅-0-0_results.json"
    ],
    "file_scores_iterative": {
        "202210171324-HP-guokt-0-0_results": 2032.5461460284625,
        "202210232246-阿杜-小波-0-0_results": 2062.591816237466,
        "202210232246-阿杜-小波-0-0_results.json": 2025.7602857116087,
        "202210271847-陆谱毅-Rodney-0-0_results": 681.2625090986959,
        "202210271847-陆谱毅-Rodney-0-0_results.json": 966.9036956586714,
        "202210251833-bianweijie-钝边-0-0_results.json": 1193.1510048926743,
        "202210181816-高骏文-李绅-0-0_results.json": 1046.0533985966706,
        "202210201432-mango-放鹰-0-0_results.json": 1166.5280105796157,
        "202210261903-ZZYYXX-王博方-0-0_results": 2530.567914450754,
        "202210251833-bianweijie-钝边-0-0_results": 1879.4594870019766,
        "202210201432-mango-放鹰-0-0_results": 1589.5966558220741,
        "202210181816-高骏文-李绅-0-0_results": 2514.7282545994917,
        "202210271911-罗诗俊-陆谱毅-0-0_results.json": 223.06958226597783,
        "202210231022-科学大道的小伙子-炊烟-0-0_results.json": 1384.6459298503069,
        "202210171324-HP-guokt-0-0_results.json": 998.1525102969373,
        "202210231022-科学大道的小伙子-炊烟-0-0_results": 1704.9827989086136
    }
}